{
  "files": {
    "/mnt/c/Users/egaub/Desktop/arkanoid/arkanoid/arkanoid/game.py": {
      "comment_ratio": 30.444822907946772,
      "cyclomatic_complexity": 66,
      "fanout_external": 17,
      "fanout_internal": 1,
      "halstead_bugprop": 10.736568360180124,
      "halstead_difficulty": 170.71189024390245,
      "halstead_effort": 5498579.638497676,
      "halstead_timerequired": 305476.6465832042,
      "halstead_volume": 32209.705080540374,
      "lang": [
        "Python"
      ],
      "loc": 864,
      "operands_sum": 1623,
      "operands_uniq": 328,
      "operators_sum": 2108,
      "operators_uniq": 69
    }
  },
  "overall": {
    "comment_ratio": 30.444822907946772,
    "cyclomatic_complexity": 66,
    "fanout_external": 17,
    "fanout_internal": 1,
    "halstead_bugprop": 10.736568360180124,
    "halstead_difficulty": 170.71189024390245,
    "halstead_effort": 5498579.638497676,
    "halstead_timerequired": 305476.6465832042,
    "halstead_volume": 32209.705080540374,
    "loc": 864,
    "maintainability_index": 0,
    "operands_sum": 1623,
    "operands_uniq": 328,
    "operators_sum": 2108,
    "operators_uniq": 69,
    "pylint": 100.0,
    "tiobe": 83.90339056081996,
    "tiobe_compiler": 100.0,
    "tiobe_complexity": 0.022603738799670835,
    "tiobe_coverage": 100.0,
    "tiobe_duplication": 100.0,
    "tiobe_fanout": 78.0,
    "tiobe_functional": 100.0,
    "tiobe_security": 100.0,
    "tiobe_standard": 100.0
  },
  "stats": {
    "max": {
      "comment_ratio": 30.444822907946772,
      "cyclomatic_complexity": 66,
      "fanout_external": 17,
      "fanout_internal": 1,
      "halstead_bugprop": 10.736568360180124,
      "halstead_difficulty": 170.71189024390245,
      "halstead_effort": 5498579.638497676,
      "halstead_timerequired": 305476.6465832042,
      "halstead_volume": 32209.705080540374,
      "loc": 864,
      "operands_sum": 1623,
      "operands_uniq": 328,
      "operators_sum": 2108,
      "operators_uniq": 69
    },
    "mean": {
      "comment_ratio": 30.444822907946772,
      "cyclomatic_complexity": 66,
      "fanout_external": 17,
      "fanout_internal": 1,
      "halstead_bugprop": 10.736568360180124,
      "halstead_difficulty": 170.71189024390245,
      "halstead_effort": 5498579.638497676,
      "halstead_timerequired": 305476.6465832042,
      "halstead_volume": 32209.705080540374,
      "loc": 864,
      "operands_sum": 1623,
      "operands_uniq": 328,
      "operators_sum": 2108,
      "operators_uniq": 69
    },
    "median": {
      "comment_ratio": 30.444822907946772,
      "cyclomatic_complexity": 66,
      "fanout_external": 17,
      "fanout_internal": 1,
      "halstead_bugprop": 10.736568360180124,
      "halstead_difficulty": 170.71189024390245,
      "halstead_effort": 5498579.638497676,
      "halstead_timerequired": 305476.6465832042,
      "halstead_volume": 32209.705080540374,
      "loc": 864,
      "operands_sum": 1623,
      "operands_uniq": 328,
      "operators_sum": 2108,
      "operators_uniq": 69
    },
    "min": {
      "comment_ratio": 30.444822907946772,
      "cyclomatic_complexity": 66,
      "fanout_external": 17,
      "fanout_internal": 1,
      "halstead_bugprop": 10.736568360180124,
      "halstead_difficulty": 170.71189024390245,
      "halstead_effort": 5498579.638497676,
      "halstead_timerequired": 305476.6465832042,
      "halstead_volume": 32209.705080540374,
      "loc": 864,
      "operands_sum": 1623,
      "operands_uniq": 328,
      "operators_sum": 2108,
      "operators_uniq": 69
    }
  }
}
